<application>
  <component name="FileTypeManager" version="18">
    <extensionMap>
      <mapping pattern="test.txt" type="AUTO_DETECTED" />
      <mapping pattern="fix-ebay.sql" type="AUTO_DETECTED" />
      <mapping ext="dat" type="PLAIN_TEXT" />
      <removed_mapping ext="apk" approved="true" type="ARCHIVE" />
      <removed_mapping ext="psd" approved="true" type="Image" />
      <removed_mapping ext="sql" approved="true" type="PLAIN_TEXT" />
    </extensionMap>
  </component>
</application>