<application>
  <component name="AppStorage">
    <option name="newTranslationDialogX" value="779" />
    <option name="newTranslationDialogY" value="450" />
    <histories>
      <item value="Cache Evict" />
      <item value="Source" />
      <item value="need Filter" />
      <item value="eg" />
      <item value="ebay Collect And Remit Taxes" />
      <item value="Save up to 15% when you buy more" />
      <item value="VAT" />
      <item value="Automatic job" />
      <item value="阈值" />
      <item value="模糊查询" />
      <item value="关联Rma Replacement" />
      <item value="return for replacement" />
      <item value="模糊" />
      <item value="save Refund Associated Rma" />
      <item value="Associated Rma" />
      <item value="关联Rma" />
      <item value="直接创建退款单并关联Rma单" />
      <item value="小数" />
      <item value="QUARTER SYMBOL" />
      <item value="not Refund" />
      <item value="发货" />
      <item value="退款" />
      <item value="Creates a thread local variable. The initial value of the variable is determined by invoking the {@code get} method on the {@code Supplier}. @param &lt;S&gt; the type of the thread local's value @param supplier the supplier to be used to determine the initial value @return a new thread local variable @throws NullPointerException if the specified supplier is null" />
      <item value="Sale Event Del Mps Change" />
      <item value="del To Mps Change Log" />
      <item value="his Rgl Sale Event" />
      <item value="time-constant comparison" />
      <item value="次序" />
      <item value="第几天" />
      <item value="Field number for &lt;code&gt;get&lt;code&gt; and &lt;code&gt;set&lt;code&gt; indicating the day of the week. This field takes values &lt;code&gt;SUNDAY&lt;code&gt;, &lt;code&gt;MONDAY&lt;code&gt;, &lt;code&gt;TUESDAY&lt;code&gt;, &lt;code&gt;WEDNESDAY&lt;code&gt;, &lt;code&gt;THURSDAY&lt;code&gt;, &lt;code&gt;FRIDAY&lt;code&gt;, and &lt;code&gt;SATURDAY&lt;code&gt;." />
      <item value="Criteria" />
      <item value="当前季度开始日期" />
      <item value="クーポン" />
      <item value="均摊优惠券" />
      <item value="重新计算" />
      <item value="distribute Coupon" />
      <item value="均摊分配" />
      <item value="Regex" />
      <item value="Annotation indicating that a method (or all methods on a class) triggers a cache evict operation." />
      <item value="竞争对手销量" />
      <item value="大盘revenue" />
      <item value="compress" />
      <item value="Property Naming Strategy.Snake Case Strategy.class" />
      <item value="Ebay new API call orderId error" />
      <item value="Network call to ebay new API to get fulfillment message failed" />
      <item value="Lithium Battery" />
      <item value="fd Lithium Battery Type;" />
      <item value="eg." />
      <item value="分子分母" />
      <item value="分子" />
    </histories>
    <option name="languageScores">
      <map>
        <entry key="CHINESE" value="465" />
        <entry key="ENGLISH" value="466" />
        <entry key="AZERBAIJANI" value="1" />
        <entry key="POLISH" value="1" />
        <entry key="BOSNIAN" value="1" />
        <entry key="FILIPINO" value="2" />
        <entry key="HAITIAN_CREOLE" value="2" />
        <entry key="CROATIAN" value="1" />
        <entry key="LATIN" value="1" />
        <entry key="JAPANESE" value="8" />
        <entry key="SPANISH" value="1" />
        <entry key="GREEK" value="1" />
      </map>
    </option>
  </component>
  <component name="Cache">
    <option name="lastTrimTime" value="1673245178773" />
  </component>
  <component name="Settings">
    <option name="phoneticFontFamily" value="Consolas" />
    <option name="primaryFontFamily" value="Consolas" />
  </component>
  <component name="Translation.Cache">
    <option name="lastTrimTime" value="1705145782008" />
  </component>
  <component name="Translation.Settings">
    <option name="aliTranslateSettings">
      <app-key>
        <option name="appId" value="LTAI5tDXsNpevNEz8HpwUB5C" />
      </app-key>
    </option>
    <option name="primaryLanguage" value="CHINESE" />
    <option name="translateDocumentation" value="true" />
    <option name="translator" value="ALI" />
  </component>
  <component name="Translation.States">
    <option name="newTranslationDialogHeight" value="260" />
    <option name="newTranslationDialogWidth" value="580" />
    <option name="newTranslationDialogX" value="715" />
    <option name="newTranslationDialogY" value="194" />
    <histories>
      <item value="优化部分匿名函数的实现" />
      <item value="优化部分匿名函数的" />
      <item value="优化部分匿名函数" />
      <item value="优化部分匿名" />
      <item value="优化部分" />
      <item value="优化" />
      <item value="anonymous Function" />
      <item value="优化项目部分细节" />
      <item value="优化项目部分" />
      <item value="优化项目" />
      <item value="单例模式的多种实现" />
      <item value="添加单例模式的多种实现" />
      <item value="添加单例模式的多种" />
      <item value="添加单例模式的" />
      <item value="添加单例" />
      <item value="添加" />
      <item value="添加Trie树的实现" />
      <item value="添加Trie树的" />
      <item value="添加Trie" />
      <item value="添加时间复杂度O1的Lru缓存" />
      <item value="添加时间复杂度O1的Lru" />
      <item value="添加时间复杂度O1的" />
      <item value="添加时间复杂度O1" />
      <item value="添加时间复杂度" />
      <item value="添加时间" />
      <item value="优化程序结构和添加数据结构模块" />
      <item value="优化程序结构和添加数据结构" />
      <item value="优化程序结构和添加数据" />
      <item value="优化程序结构和添加" />
      <item value="优化程序结构和" />
      <item value="优化程序结构" />
      <item value="优化程序结构与" />
      <item value="优化程序" />
      <item value="修复" />
      <item value="添加 flag.Usage 的使用" />
      <item value="添加 flag.Usage 的" />
      <item value="添加 flag." />
      <item value="优化个别写法和 API 的使用" />
      <item value="优化个别写法和 API 的" />
      <item value="优化个别写法和用法" />
      <item value="优化个别写法和" />
      <item value="优化个别写法" />
      <item value="优化个别" />
      <item value="youh" />
      <item value="可执行文件" />
      <item value="可执行" />
      <item value="基础知识：补充对于指针的运用" />
      <item value="基础知识：补充对于指针的" />
      <item value="基础知识：补充对于" />
      <item value="基础知识：补充" />
    </histories>
    <option name="languageScores">
      <map>
        <entry key="BULGARIAN" value="1" />
        <entry key="CATALAN" value="1" />
        <entry key="CHINESE" value="189" />
        <entry key="ENGLISH" value="189" />
        <entry key="JAPANESE" value="5" />
        <entry key="LATIN" value="1" />
        <entry key="PORTUGUESE" value="2" />
        <entry key="UZBEK" value="1" />
      </map>
    </option>
  </component>
</application>