<application>
  <component name="AppStorage">
    <option name="newTranslationDialogX" value="779" />
    <option name="newTranslationDialogY" value="450" />
    <histories>
      <item value="Cache Evict" />
      <item value="Source" />
      <item value="need Filter" />
      <item value="eg" />
      <item value="ebay Collect And Remit Taxes" />
      <item value="Save up to 15% when you buy more" />
      <item value="VAT" />
      <item value="Automatic job" />
      <item value="阈值" />
      <item value="模糊查询" />
      <item value="关联Rma Replacement" />
      <item value="return for replacement" />
      <item value="模糊" />
      <item value="save Refund Associated Rma" />
      <item value="Associated Rma" />
      <item value="关联Rma" />
      <item value="直接创建退款单并关联Rma单" />
      <item value="小数" />
      <item value="QUARTER SYMBOL" />
      <item value="not Refund" />
      <item value="发货" />
      <item value="退款" />
      <item value="Creates a thread local variable. The initial value of the variable is determined by invoking the {@code get} method on the {@code Supplier}. @param &lt;S&gt; the type of the thread local's value @param supplier the supplier to be used to determine the initial value @return a new thread local variable @throws NullPointerException if the specified supplier is null" />
      <item value="Sale Event Del Mps Change" />
      <item value="del To Mps Change Log" />
      <item value="his Rgl Sale Event" />
      <item value="time-constant comparison" />
      <item value="次序" />
      <item value="第几天" />
      <item value="Field number for &lt;code&gt;get&lt;code&gt; and &lt;code&gt;set&lt;code&gt; indicating the day of the week. This field takes values &lt;code&gt;SUNDAY&lt;code&gt;, &lt;code&gt;MONDAY&lt;code&gt;, &lt;code&gt;TUESDAY&lt;code&gt;, &lt;code&gt;WEDNESDAY&lt;code&gt;, &lt;code&gt;THURSDAY&lt;code&gt;, &lt;code&gt;FRIDAY&lt;code&gt;, and &lt;code&gt;SATURDAY&lt;code&gt;." />
      <item value="Criteria" />
      <item value="当前季度开始日期" />
      <item value="クーポン" />
      <item value="均摊优惠券" />
      <item value="重新计算" />
      <item value="distribute Coupon" />
      <item value="均摊分配" />
      <item value="Regex" />
      <item value="Annotation indicating that a method (or all methods on a class) triggers a cache evict operation." />
      <item value="竞争对手销量" />
      <item value="大盘revenue" />
      <item value="compress" />
      <item value="Property Naming Strategy.Snake Case Strategy.class" />
      <item value="Ebay new API call orderId error" />
      <item value="Network call to ebay new API to get fulfillment message failed" />
      <item value="Lithium Battery" />
      <item value="fd Lithium Battery Type;" />
      <item value="eg." />
      <item value="分子分母" />
      <item value="分子" />
    </histories>
    <option name="languageScores">
      <map>
        <entry key="CHINESE" value="465" />
        <entry key="ENGLISH" value="466" />
        <entry key="AZERBAIJANI" value="1" />
        <entry key="POLISH" value="1" />
        <entry key="BOSNIAN" value="1" />
        <entry key="FILIPINO" value="2" />
        <entry key="HAITIAN_CREOLE" value="2" />
        <entry key="CROATIAN" value="1" />
        <entry key="LATIN" value="1" />
        <entry key="JAPANESE" value="8" />
        <entry key="SPANISH" value="1" />
        <entry key="GREEK" value="1" />
      </map>
    </option>
  </component>
  <component name="Cache">
    <option name="lastTrimTime" value="1673245178773" />
  </component>
  <component name="Settings">
    <option name="phoneticFontFamily" value="Consolas" />
    <option name="primaryFontFamily" value="Consolas" />
  </component>
  <component name="Translation.Cache">
    <option name="lastTrimTime" value="1703992298547" />
  </component>
  <component name="Translation.Settings">
    <option name="aliTranslateSettings">
      <app-key>
        <option name="appId" value="LTAI5tDXsNpevNEz8HpwUB5C" />
      </app-key>
    </option>
    <option name="primaryLanguage" value="CHINESE" />
    <option name="translateDocumentation" value="true" />
  </component>
  <component name="Translation.States">
    <option name="newTranslationDialogHeight" value="260" />
    <option name="newTranslationDialogWidth" value="592" />
    <option name="newTranslationDialogX" value="715" />
    <option name="newTranslationDialogY" value="194" />
    <histories>
      <item value="添加 flag.Usage 的使用" />
      <item value="添加 flag.Usage 的" />
      <item value="添加 flag." />
      <item value="优化个别写法和 API 的使用" />
      <item value="优化个别写法和 API 的" />
      <item value="优化个别写法和用法" />
      <item value="优化个别写法和" />
      <item value="优化个别写法" />
      <item value="优化个别" />
      <item value="优化" />
      <item value="youh" />
      <item value="可执行文件" />
      <item value="可执行" />
      <item value="基础知识：补充对于指针的运用" />
      <item value="基础知识：补充对于指针的" />
      <item value="基础知识：补充对于" />
      <item value="基础知识：补充" />
      <item value="基础知识：" />
      <item value="基础" />
      <item value="index Handler" />
      <item value="哪里有电脑，哪里就是办公室" />
      <item value="根据店铺ID获取小市场Offer失败" />
      <item value="Ebay Crawl Orders Warning: There is no matching correspondence for these msku" />
      <item value="Rma New" />
      <item value="is Need Repair Platform" />
      <item value="visual" />
      <item value="活动" />
      <item value="不管" />
      <item value="不管历史" />
      <item value="qoq" />
      <item value="yoy" />
      <item value="公式" />
      <item value="ID – the ID for a TimeZone, either an abbreviation such as &quot;PST&quot;, a full name such as &quot;AmericaLos_Angeles&quot;, or a custom ID such as &quot;GMT-8:00&quot;. Note that the support of abbreviations is for JDK 1.1.x compatibility only and full names should be used." />
      <item value="Fuzzy" />
      <item value="There is no matching correspondence for these msku" />
      <item value="The input parameter “order_id” that is mandatory for processing this request is not supplied" />
      <item value="with Draw Order" />
      <item value="完成" />
      <item value="Consigned" />
      <item value="Consigned Order" />
      <item value="账务" />
      <item value="账务日期" />
      <item value="rest High Level Client" />
      <item value="Bulk Mode" />
      <item value="UNORDERED;" />
      <item value="upsert" />
      <item value="逗号" />
      <item value="此 Sku %s 在系统中不存在，请检查数据" />
      <item value="在系统不存在，请检查数据" />
      <item value="已存在相同的数据，请检查数据" />
    </histories>
    <option name="languageScores">
      <map>
        <entry key="BULGARIAN" value="1" />
        <entry key="CATALAN" value="1" />
        <entry key="CHINESE" value="188" />
        <entry key="ENGLISH" value="189" />
        <entry key="JAPANESE" value="5" />
        <entry key="LATIN" value="1" />
        <entry key="PORTUGUESE" value="2" />
        <entry key="UZBEK" value="1" />
      </map>
    </option>
  </component>
</application>