<application>
  <component name="LocalDatabaseDriverManager" version="201">
    <driver id="mysql.8">
      <artifact />
      <artifact id="MySQL ConnectorJ" name="MySQL ConnectorJ" use="true" version="8.0.25" />
    </driver>
    <driver id="postgresql">
      <artifact id="PostgreSQL" name="PostgreSQL" use="true" version="42.2.5" />
    </driver>
    <driver id="sqlite.xerial">
      <artifact />
      <library>
        <url>file://$USER_HOME$/Downloads/sqlite-jdbc-3.40.1.0.jar</url>
      </library>
    </driver>
  </component>
</application>