<application>
  <component name="easyJavadoc">
    <option name="accessKeyId" value="LTAI5tDXsNpevNEz8HpwUB5C" />
    <option name="accessKeySecret" value="DTpsbYBG247byKGYWEPc0oE7RRTeDh" />
    <option name="appId" value="20221017001396106" />
    <option name="author" value="Real" />
    <option name="dateFormat" value="yyyy/MM/dd HH:mm" />
    <option name="googleKey" value="" />
    <option name="microsoftKey" value="" />
    <option name="projectWordMap">
      <map>
        <entry key="anker-service-business" />
        <entry key="leetcode-problems">
          <value>
            <map />
          </value>
        </entry>
        <entry key="rest-server" />
        <entry key="system-design" />
        <entry key="test-project" />
      </map>
    </option>
    <option name="secretId" value="" />
    <option name="secretKey" value="" />
    <option name="simpleFieldDoc" value="true" />
    <option name="token" value="65yFjtcuEmGc0LOVUq18" />
    <option name="translator" value="阿里云翻译" />
    <option name="youdaoAppKey" value="" />
    <option name="youdaoAppSecret" value="" />
  </component>
</application>