<application>
  <component name="FileTypeManager" version="18">
    <extensionMap>
      <mapping pattern="XOpenSourceSecurity(17)" type="AUTO_DETECTED" />
      <mapping pattern="Dcokerfile" type="AUTO_DETECTED" />
      <mapping ext="gradle.kts" type="Kotlin" />
      <mapping ext="space.kts" type="Kotlin" />
      <mapping ext="main.kts" type="Kotlin" />
      <removed_mapping ext="apk" approved="true" type="ARCHIVE" />
      <removed_mapping ext="pdf" approved="true" type="Native" />
      <removed_mapping ext="psd" approved="true" type="Image" />
    </extensionMap>
  </component>
</application>