<application>
  <component name="GeneralSettings">
    <option name="showTipsOnStartup" value="false" />
    <option name="autoSaveIfInactive" value="true" />
    <option name="confirmOpenNewProject2" value="-1" />
    <option name="inactiveTimeout" value="10" />
  </component>
  <component name="Registry">
    <entry key="ide.experimental.ui" value="true" />
    <entry key="go.run.processes.with.pty" value="false" />
    <entry key="debugger.new.tool.window.layout" value="true" />
    <entry key="ide.experimental.ui.inter.font" value="false" />
    <entry key="idea.plugins.compatible.build" value="" />
  </component>
  <component name="StatusBar">
    <option name="widgets">
      <map>
        <entry key="AwsSettingsPanel" value="false" />
        <entry key="Memory" value="true" />
        <entry key="aws.codewhisperer" value="false" />
      </map>
    </option>
  </component>
</application>