<application>
  <component name="RedisHelper">
    <option name="connections">
      <list>
        <ConnectionInfo>
          <option name="global" value="true" />
          <option name="id" value="67304a1a-d421-499c-95a7-5eb9b5d253f2" />
          <option name="name" value="OrderCenter-UAT" />
          <option name="password" value="Anker123!" />
          <option name="port" value="6399" />
          <option name="url" value="172.16.22.170" />
        </ConnectionInfo>
        <ConnectionInfo>
          <option name="global" value="true" />
          <option name="id" value="4043fa61-802e-42c1-ac18-0128dabbbb41" />
          <option name="name" value="AnkerCloud-UAT" />
          <option name="password" value="Anker123!" />
          <option name="port" value="6399" />
          <option name="url" value="172.16.1.121" />
        </ConnectionInfo>
      </list>
    </option>
  </component>
</application>