<application>
  <component name="AppStorage">
    <option name="maxHistorySize" value="200" />
    <option name="newTranslationDialogWidth" value="574" />
    <option name="newTranslationDialogX" value="589" />
    <option name="newTranslationDialogY" value="321" />
    <histories>
      <item value="适用场合" />
      <item value="适用" />
      <item value="场合" />
      <item value="Situation" />
      <item value="场景" />
      <item value="适用场景" />
      <item value="suit Situation" />
      <item value="Real" />
      <item value="衣服" />
      <item value="衣柜" />
      <item value="dummy" />
      <item value="销售属性维护" />
      <item value="进位" />
      <item value="系统事件" />
      <item value="本地硬盘" />
      <item value="competition" />
      <item value="递归" />
      <item value="层" />
      <item value="贪心" />
      <item value="wrapper" />
      <item value="无重复最长子串" />
      <item value="完整" />
      <item value="百位数" />
      <item value="十位数" />
      <item value="个位数" />
      <item value="水仙花数" />
      <item value="分布式事务" />
      <item value="destribute" />
      <item value="ergodic" />
      <item value="遍历" />
      <item value="回收" />
      <item value="constraint Validator Context" />
      <item value="thirdparty" />
      <item value="third-party" />
      <item value="integration" />
      <item value="fix: fix redis basic knowledge" />
      <item value="接口防刷" />
      <item value="load Success Count" />
      <item value="miss Count" />
      <item value="SIZE" />
      <item value="EXPLICIT" />
      <item value="invalidate" />
      <item value="splicing Key Token Value" />
      <item value="中间件" />
      <item value="整数除法" />
      <item value="专项" />
      <item value="能跨越的距离" />
      <item value="hour Separate" />
      <item value="分钟" />
      <item value="Minitue" />
      <item value="【测试】J Meter性能测试" />
      <item value="JKD 8 新特性" />
      <item value="jkd 8 新特性" />
      <item value="get And Wrap" />
      <item value="A convenient delegate with pre-arranged configuration state for common serialization needs. Implements {@link Serializer} and {@link Deserializer} itself, so can also be passed into such more specific callback methods." />
      <item value="Create a new ConcurrentMapCache with the specified name and the given internal {@link ConcurrentMap} to use. If the {@link SerializationDelegate} is specified, {@link isStoreByValue() store-by-value} is enabled @param name the name of the cache @param store the ConcurrentMap to use as an internal store @param allowNullValues whether to allow {@code null} values (adapting them to an internal null holder value) @param serialization the {@link SerializationDelegate} to use to serialize cache entry or {@code null} to store the reference" />
      <item value="Implements {@link Serializer} and {@link Deserializer} itself, so can also be passed into such more specific callback methods." />
      <item value="A convenient delegate with pre-arranged configuration state for common serialization needs." />
      <item value="Serialization Delegate" />
      <item value="Create a new ConcurrentMapCache with the specified name and the given internal {@link ConcurrentMap} to use. If the {@link SerializationDelegate} is specified, {@link isStoreByValue() store-by-value} is enabled @param name the name of the cache @param store the ConcurrentMap to use as an internal store @param allowNullValues whether to allow {@code null} values (adapting them to an internal null holder value) @param serialization the {@link SerializationDelegate} to use to serialize cache entry or {@code null} to store the reference @since 4.3" />
      <item value="Considering compression brings much CPU overhead to name server, stream API will not support compression and compression feature is deprecated." />
      <item value="Fetch" />
      <item value="s Fetch Namesrv Addr" />
      <item value="is Fetch Namesrv Addr By Address Server" />
      <item value="Atomic Reference" />
      <item value="Causes the current thread to wait until the latch has counted down to zero, unless the thread is interrupted. If the current count is zero then this method returns immediately. If the current count is greater than zero then the current thread becomes disabled for thread scheduling purposes and lies dormant until one of two things happen: The count reaches zero due to invocations of the countDown method; or Some other thread interrupts the current thread. If the current thread: has its interrupted status set on entry to this method; or is interrupted while waiting, then InterruptedException is thrown and the current thread's interrupted status is cleared. Throws: InterruptedException – if the current thread is interrupted while waiting" />
      <item value="f the current count is greater than zero then the current thread becomes disabled for thread scheduling purposes and lies dormant until one of two things happen: The count reaches zero due to invocations of the countDown method; or Some other th" />
      <item value="饿汉式" />
      <item value="wait" />
      <item value="notify" />
      <item value="palindrome" />
      <item value="TLS" />
      <item value="借款" />
      <item value="ARCHIVE" />
      <item value="dismiss" />
      <item value="date formart" />
      <item value="Amect" />
      <item value="Reim" />
      <item value="试用期员工" />
      <item value="实习员工" />
      <item value="正式员工" />
      <item value="animation Easing" />
      <item value="Report" />
      <item value="Sdl" />
      <item value="total" />
      <item value="感叹号" />
      <item value="Panel" />
      <item value="mime" />
      <item value="Add custom headers" />
      <item value="原密码" />
      <item value="{@code false} to skip to file's next sibling" />
      <item value="Simple visiting method. On returning {@code true} a visitor will proceed to file's children, on {@code false} - to file's next sibling." />
      <item value="Simple visiting method. On returning {@code true} a visitor will proceed to file's children, on {@code false} - to file's next sibling. @param file a file to visit. @return {@code true} to proceed to file's children, {@code false} to skip to file's next sibling." />
      <item value="Returns {@code true} if this set contains no elements." />
      <item value="检测配置信息" />
      <item value="对结果进行转换" />
      <item value="查询后端接口，获得检测的文件列表" />
      <item value="获得需要查询的接口 URL" />
      <item value="获得需要上传检测的文件类型" />
      <item value="Makes the component visible or invisible. Overrides &lt;code&gt;Component.setVisible&lt;code&gt;. @param aFlag true to make the component visible; false to make it invisible" />
      <item value="Sets the current font. This removes cached row height and column width so the new font will be reflected. &lt;code&gt;revalidate&lt;code&gt; is called after setting the font. @param f the new font" />
      <item value=".StatusRuntimeException: UNAVAILABLE: io exception" />
      <item value="UNAVAILABLE" />
      <item value="开源组件安全检测" />
      <item value="普通用户" />
      <item value="BO" />
      <item value="50008: Illegal token; 50012: Other clients logged in; 50014: Token expired;" />
      <item value="TOKEN UNAVAILABLE" />
      <item value="AVAILABLE" />
      <item value="TOKEN AVAILABLE" />
      <item value="Data Access Permission Check" />
      <item value="let each request carry token ['X-Token'] is a custom headers key please modify it according to the actual situation" />
      <item value="One record is expected, but the query result is multiple records" />
      <item value="Accumulation" />
      <item value="Accumulation Fund" />
      <item value="Returns an {@code Optional} describing the given value, if non-{@code null}, otherwise returns an empty {@code Optional}. @param value the possibly-{@code null} value to describe @param &lt;T&gt; the type of the value @return an {@code Optional} with a present value if the specified value is non-{@code null}, otherwise an empty {@code Optional}" />
      <item value="Parses text from a string to produce a &lt;code&gt;Date&lt;code&gt;. &lt;p&gt; The method attempts to parse text starting at the index given by &lt;code&gt;pos&lt;code&gt;. If parsing succeeds, then the index of &lt;code&gt;pos&lt;code&gt; is updated to the index after the last character used (parsing does not necessarily use all characters up to the end of the string), and the parsed date is returned. The updated &lt;code&gt;pos&lt;code&gt; can be used to indicate the starting point for the next call to this method. If an error occurs, then the index of &lt;code&gt;pos&lt;code&gt; is not changed, the error index of &lt;code&gt;pos&lt;code&gt; is set to the index of the character where the error occurred, and null is returned. &lt;p&gt;This parsing operation uses the {@link DateFormatcalendar calendar} to produce a {@code Date}. All of the {@code calendar}'s date-time fields are {@linkplain Calendarclear() cleared} before parsing, and the {@code calendar}'s default values of the date-time fields are used for any missing date-time information. For example, the year value of the parsed {@code Date} is 1970 with {@link GregorianCalendar} if no year value is given from the parsing operation. The {@code TimeZone} value may be overwritten, depending on the given pattern and the time zone value in {@code text}. Any {@code TimeZone} value that has previously been set by a call to {@link setTimeZone(java.util.TimeZone) setTimeZone} may need to be restored for further operations. @param text A &lt;code&gt;String&lt;code&gt;, part of which should be parsed. @param pos A &lt;code&gt;ParsePosition&lt;code&gt; object with index and error index information as described above. @return A &lt;code&gt;Date&lt;code&gt; parsed from the string. In case of error, returns null. @exception NullPointerException if &lt;code&gt;text&lt;code&gt; or &lt;code&gt;pos&lt;code&gt; is null." />
      <item value="OBTAIN RESULT URI" />
      <item value="conflit" />
      <item value="endowment" />
      <item value="概览" />
      <item value="assurances" />
      <item value="用人成本" />
      <item value="primitive" />
      <item value="Payable" />
      <item value="Payroll" />
      <item value="Payroll Salary" />
      <item value="fact" />
      <item value="实发" />
      <item value="Compares this {@code BigDecimal} with the specified {@code BigDecimal}. Two {@code BigDecimal} objects that are equal in value but have a different scale (like 2.0 and 2.00) are considered equal by this method. This method is provided in preference to individual methods for each of the six boolean comparison operators ({@literal &lt;}, ==, {@literal &gt;}, {@literal &gt;=}, !=, {@literal &lt;=}). The suggested idiom for performing these comparisons is: {@code (x.compareTo(y)} &amp;lt;&lt;i&gt;op&lt;i&gt;&amp;gt; {@code 0)}, where &amp;lt;&lt;i&gt;op&lt;i&gt;&amp;gt; is one of the six comparison operators. @param val {@code BigDecimal} to which this {@code BigDecimal} is to be compared. @return -1, 0, or 1 as this {@code BigDecimal} is numerically less than, equal to, or greater than {@code val}." />
      <item value="应纳税所得额" />
      <item value="应发" />
      <item value="subtract" />
      <item value="payroll" />
      <item value="住房补贴" />
      <item value="transport" />
      <item value="交通补贴" />
      <item value="通勤补贴" />
      <item value="餐食补贴" />
      <item value="旷工" />
      <item value="旷工扣款" />
      <item value="debit" />
      <item value="迟到扣款" />
      <item value="加班补贴" />
      <item value="速算扣除数" />
      <item value="预扣" />
      <item value="预扣率" />
      <item value="预缴额" />
      <item value="Invalid bound statement" />
      <item value="abort" />
      <item value="生育保险" />
      <item value="工伤保险" />
      <item value="姓名" />
      <item value="OA审批" />
      <item value="考勤" />
      <item value="请继续加油工作" />
      <item value="Register" />
      <item value="Architecture Management" />
      <item value="'Architecture Management'" />
      <item value="架构管理" />
      <item value="用户注册" />
      <item value="注册" />
      <item value="structure" />
      <item value="籍贯" />
      <item value="region" />
      <item value="住房公积金" />
      <item value="个人所得税" />
      <item value="社会保险" />
      <item value="实发工资" />
      <item value="应发工资" />
      <item value="扣款" />
      <item value="请假扣款" />
      <item value="重复密码" />
      <item value="Profile" />
      <item value="Sm Ms Operation Application" />
      <item value="Returns &lt;b&gt;raw&lt;b&gt; body as received or set (always in ISO-8859-1 encoding). If body content is a text, use {@link bodyText()} to get it converted. Returns &lt;code&gt;null&lt;code&gt; if body is not specified!" />
      <item value="Sets query from provided query string. Previous query values are discarded." />
      <item value="Returns backend map of query parameters." />
      <item value="因为返回的内容没有 exclude 的值，可能会造成 NPE 问题" />
      <item value="request String" />
      <item value="Adds all of the elements in the specified collection to this collection (optional operation). The behavior of this operation is undefined if the specified collection is modified while the operation is in progress. (This implies that the behavior of this call is undefined if the specified collection is this collection, and this collection is nonempty.)" />
      <item value="Adds all of the elements in the specified collection to this set if they're not already present (optional operation). If the specified collection is also a set, the {@code addAll} operation effectively modifies this set so that its value is the &lt;i&gt;union&lt;i&gt; of the two sets. The behavior of this operation is undefined if the specified collection is modified while the operation is in progress. @param c collection containing elements to be added to this set @return {@code true} if this set changed as a result of the call @throws UnsupportedOperationException if the {@code addAll} operation is not supported by this set @throws ClassCastException if the class of an element of the specified collection prevents it from being added to this set @throws NullPointerException if the specified collection contains one or more null elements and this set does not permit null elements, or if the specified collection is null @throws IllegalArgumentException if some property of an element of the specified collection prevents it from being added to this set @see add(Object)" />
      <item value="成员变量，为了每次都刷新变量值" />
      <item value="Returns the current value of the string-valued preference with the given name. Returns the default-default value (the empty string &lt;code&gt;&quot;&quot;&lt;code&gt;) if there is no preference with the given name, or if the current value cannot be treated as a string. @param name the name of the preference @return the string-valued preference" />
      <item value="Notifies that the OK button of this page's container has been pressed. @return &lt;code&gt;false&lt;code&gt; to abort the container's OK processing and &lt;code&gt;true&lt;code&gt; to allow the OK to happen" />
      <item value="legal" />
      <item value="legalillegal" />
      <item value="is illegal" />
      <item value="illigle" />
      <item value="validate" />
      <item value="验证认证参数" />
      <item value="Certification" />
      <item value="Sets the maximum number of characters that the receiver is capable of holding to be the argument. &lt;p&gt; Instead of trying to set the text limit to zero, consider creating a read-only text widget. &lt;p&gt;&lt;p&gt; To reset this value to the default, use &lt;code&gt;setTextLimit(Text.LIMIT)&lt;code&gt;. Specifying a limit value larger than &lt;code&gt;Text.LIMIT&lt;code&gt; sets the receiver's limit to &lt;code&gt;Text.LIMIT&lt;code&gt;. &lt;p&gt;" />
      <item value="Returns &lt;code&gt;true&lt;code&gt; if the receiver is visible, and &lt;code&gt;false&lt;code&gt; otherwise. &lt;p&gt; If one of the receiver's ancestors is not visible or some other condition makes the receiver not visible, this method may still indicate that it is considered visible even though it may not actually be showing. &lt;p&gt;" />
      <item value="restore default" />
      <item value="Sets the contents of the receiver to the given string. If the receiver has style SINGLE and the argument contains multiple lines of text, the result of this operation is undefined and may vary from platform to platform. &lt;p&gt;" />
      <item value="Sets the contents of the receiver to the given string. If the receiver has style SINGLE and the argument contains multiple lines of text, the result of this operation is undefined and may vary from platform to platform. &lt;p&gt; Note: If control characters like '\n', '\t' etc. are used in the string, then the behavior is platform dependent. &lt;p&gt; @param string the new text @exception IllegalArgumentException &lt;ul&gt; &lt;li&gt;ERROR_NULL_ARGUMENT - if the string is null&lt;li&gt; &lt;ul&gt; @exception SWTException &lt;ul&gt; &lt;li&gt;ERROR_WIDGET_DISPOSED - if the receiver has been disposed&lt;li&gt; &lt;li&gt;ERROR_THREAD_INVALID_ACCESS - if not called from the thread that created the receiver&lt;li&gt; &lt;ul&gt;" />
      <item value="Marks the receiver as visible if the argument is &lt;code&gt;true&lt;code&gt;, and marks it invisible otherwise. &lt;p&gt; If one of the receiver's ancestors is not visible or some other condition makes the receiver not visible, marking it visible may not actually cause it to be displayed. &lt;p&gt; @param visible the new visibility state" />
      <item value="input box value if custom, default otherwise" />
      <item value="不需要扫描的文件" />
    </histories>
    <option name="languageScores">
      <map>
        <entry key="CHINESE" value="382" />
        <entry key="ENGLISH" value="382" />
        <entry key="ICELANDIC" value="1" />
        <entry key="GERMAN" value="1" />
        <entry key="FRENCH" value="3" />
        <entry key="LATIN" value="1" />
        <entry key="NORWEGIAN" value="1" />
        <entry key="JAPANESE" value="7" />
        <entry key="SPANISH" value="2" />
        <entry key="ITALIAN" value="1" />
      </map>
    </option>
  </component>
  <component name="Cache">
    <option name="lastTrimTime" value="1669826691589" />
  </component>
  <component name="Settings">
    <option name="baiduTranslateSettings">
      <app-key>
        <option name="appId" value="20221017001396106" />
      </app-key>
    </option>
    <option name="phoneticFontFamily" value="Consolas" />
    <option name="translator" value="BAIDU" />
  </component>
  <component name="Translation.Cache">
    <option name="lastTrimTime" value="1709211261210" />
  </component>
  <component name="Translation.Settings">
    <option name="aliTranslateSettings">
      <app-key>
        <option name="appId" value="LTAI5tDXsNpevNEz8HpwUB5C" />
      </app-key>
    </option>
    <option name="baiduTranslateSettings">
      <app-key>
        <option name="appId" value="20221017001396106" />
      </app-key>
    </option>
    <option name="primaryLanguage" value="CHINESE" />
    <option name="showWordsOnStartup" value="true" />
    <option name="translateDocumentation" value="true" />
    <option name="translator" value="ALI" />
  </component>
  <component name="Translation.States">
    <option name="newTranslationDialogHeight" value="260" />
    <option name="newTranslationDialogWidth" value="568" />
    <option name="newTranslationDialogX" value="538" />
    <option name="newTranslationDialogY" value="302" />
    <histories>
      <item value="占位符" />
      <item value="添加CountdownLatch的多线程使用" />
      <item value="添加countd" />
      <item value="添加" />
      <item value="添加归并排序的实现以及测试" />
      <item value="添加归并排序的实现以及" />
      <item value="添加位图的实现" />
      <item value="tianjia" />
      <item value="调整了堆实现的一些细节" />
      <item value="调整了" />
      <item value="添加了敏感词过滤算法的实现" />
      <item value="添加敏感词过滤算法的实现" />
      <item value="tianjh" />
      <item value="双向链表" />
      <item value="shuangx" />
      <item value="integrate" />
      <item value="This is usually caused by another repository pushing hint: to the same ref." />
      <item value="Updates were rejected because the remote contains work that you do" />
      <item value="添加链式队列实现" />
      <item value="添加ArrayQueue的实现" />
      <item value="添加Array" />
      <item value="tianjai" />
      <item value="Copies an array from the specified source array, beginning at the specified position, to the specified position of the destination array. A subsequence of array components are copied from the source array referenced by src to the destination array referenced by dest. The number of components copied is equal to the length argument. The components at positions srcPos through srcPos+length-1 in the source array are copied into positions destPos through destPos+length-1, respectively, of the destination array. If the src and dest arguments refer to the same array object, then the copying is performed as if the components at positions srcPos through srcPos+length-1 were first copied to a temporary array with length components and then the contents of the temporary array were copied into positions destPos through destPos+length-1 of the destination array." />
      <item value="Otherwise, if any actual component of the source array from position srcPos through srcPos+length-1 cannot be converted to the component type of the destination array by assignment conversion, an ArrayStoreException is thrown. In this case, let k be the smallest nonnegative integer less than length such that src[srcPos+k] cannot be converted to the component type of the destination array; when the exception is thrown, source array components from positions srcPos through srcPos+k-1 will already have been copied to destination array positions destPos through destPos+k-1 and no other positions of the destination array will have been modified. (Because of the restrictions already itemized, this paragraph effectively applies only to the situation where both arrays have component types that are reference types.)" />
      <item value="添加链式栈的size属性" />
      <item value="添加链式栈的" />
      <item value="添加对zhan" />
      <item value="添加对战" />
      <item value="添加链式栈的实现" />
      <item value="添加lianshi" />
      <item value="修复Array Stack的构造实现" />
      <item value="This class specializes ThreadPoolExecutor implementation by 1. Using a custom task type, ScheduledFutureTask for tasks, even those that don't require scheduling (i.e., those submitted using ExecutorService execute, not ScheduledExecutorService methods) which are treated as delayed tasks with a delay of zero. 2. Using a custom queue (DelayedWorkQueue), a variant of unbounded DelayQueue. The lack of capacity constraint and the fact that corePoolSize and maximumPoolSize are effectively identical simplifies some execution mechanics (see delayedExecute) compared to ThreadPoolExecutor. 3. Supporting optional run-after-shutdown parameters, which leads to overrides of shutdown methods to remove and cancel tasks that should NOT be run after shutdown, as well as different recheck logic when task (re)submission overlaps with a shutdown. 4. Task decoration methods to allow interception and instrumentation, which are needed because subclasses cannot otherwise override submit methods to get this effect. These don't have any impact on pool control logic though." />
      <item value="连续" />
      <item value="consign" />
      <item value="eternal" />
      <item value="日本地域は現在、NEW 状態にない既存の注文のインポートをサポートしていません" />
      <item value="You are not allowed to revise ended listings." />
      <item value="key Assumptions" />
      <item value="Volatility" />
      <item value="Handel" />
      <item value="片段" />
      <item value="set Use Column Label" />
      <item value="check For Circular Imports" />
      <item value="query cache key" />
      <item value="formatted" />
      <item value="europe" />
      <item value="SLASH" />
      <item value="miemie" />
      <item value="cust Safety Stock" />
      <item value="cust Intransit" />
    </histories>
    <option name="languageScores">
      <map>
        <entry key="CHINESE" value="194" />
        <entry key="ENGLISH" value="194" />
        <entry key="GERMAN" value="1" />
        <entry key="JAPANESE" value="4" />
      </map>
    </option>
  </component>
</application>